ФИО,Код клиента,Дата рождения,индекс,город,улица,дом,квартира,e-mail,password,серия,номер
Фролов Андрей Иванович,45462526,14.07.2001,344288, г. Санкт-Петербург, ул. Чехова,1, кв. 34,gohufreilagrau-3818@yopmail.com,cl12345,1180,176596
Николаев Даниил Всеволодович,45462527,10.02.2001,614164, г. Санкт-Петербург, ул. Степная,30, кв. 75,xawugosune-1385@yopmail.com,cl12346,2280,223523
Снегирев Макар Иванович,45462528,21.05.1998,394242, г. Санкт-Петербург, ул. Коммунистическая,43, кв. 57,satrahuddusei-4458@yopmail.com,cl12347,4560,354155
Иванов Иван Ильич,45462529,01.10.1998,660540, г. Санкт-Петербург, ул. Солнечная,25, кв. 78,boippaxeufrepra-7093@yopmail.com,cl12348,9120,554296
Филиппова Анна Глебовна,45462530,31.05.1976,125837, г. Санкт-Петербург, ул. Шоссейная,40, кв. 92,zapramaxesu-7741@yopmail.com,cl12349,2367,558134
Иванов Михаил Владимирович,45462531,04.11.1985,125703, г. Санкт-Петербург, ул. Партизанская,49, кв. 84,rouzecroummegre-3899@yopmail.com,cl12350,7101,669343
Власов Дмитрий Александрович,45462532,17.08.1998,625283, г. Санкт-Петербург, ул. Победы,46, кв. 7,ziyeuddocrabri-4748@yopmail.com,cl12351,3455,719630
Серова Екатерина Львовна,45462533,24.10.1984,614611, г. Санкт-Петербург, ул. Молодежная,50, кв. 78,ketameissoinnei-1951@yopmail.com,cl12352,2377,871623
Борисова Ирина Ивановна,45462534,14.10.1976,454311, г. Санкт-Петербург, ул. Новая,19, кв. 78,yipraubaponou-5849@yopmail.com,cl12353,8755,921148
Зайцев Никита Артёмович,45462535,14.10.1999,660007, г. Санкт-Петербург, ул. Октябрьская,19, кв. 42,crapedocouca-3572@yopmail.com,cl12354,4355,104594
Медведев Святослав Евгеньевич,45462536,13.07.1985,603036, г. Санкт-Петербург, ул. Садовая,4, кв. 13,ceigoixakaunni-9227@yopmail.com,cl12355,2791,114390
Коротков Кирилл Алексеевич,45462537,26.05.1976,450983, г. Санкт-Петербург, ул. Комсомольская,26, кв. 60,yeimmeiwauzomo-7054@yopmail.com,cl12356,5582,126286
Калашникова Арина Максимовна,45462538,13.08.1999,394782, г. Санкт-Петербург, ул. Чехова,3, кв. 14,poleifenevi-1560@yopmail.com,cl12357,2978,133653
Минина Таисия Кирилловна,45462539,13.10.1985,603002, г. Санкт-Петербург, ул. Дзержинского,28, кв. 56,kauprezofautei-6607@yopmail.com,cl12358,7512,141956
Наумов Серафим Романович,45462540,15.04.1999,450558, г. Санкт-Петербург, ул. Набережная,30, кв. 71,quaffaullelourei-1667@yopmail.com,cl12359,5046,158433
Воробьева Василиса Евгеньевна,45462541,13.01.1999,394060, г. Санкт-Петербург, ул. Фрунзе,43, кв. 79,jsteele@rojas-robinson.net,cl12360,2460,169505
Калинин Александр Андреевич,45462542,07.01.1999,410661, г. Санкт-Петербург, ул. Школьная,50, кв. 53,vhopkins@lewis-mullen.com,cl12361,3412,174593
Кузнецова Милана Владиславовна,45462543,24.01.1999,625590, г. Санкт-Петербург, ул. Коммунистическая,20, кв. 34,nlewis@yahoo.com,cl12362,4950,183034
Фирсов Егор Романович,45462544,02.09.1993,625683, г. Санкт-Петербург, ул. 8 Марта,20, кв. 21,garciadavid@mckinney-mcbride.com,cl12363,5829,219464
Зимина Агния Александровна,45462545,03.09.1998,400562, г. Санкт-Петербург, ул. Зеленая,32, кв. 67,cbradley@castro.com,cl12364,6443,208059
Титов Андрей Глебович,45462546,23.10.1985,614510, г. Санкт-Петербург, ул. Маяковского,47, кв. 72,cuevascatherine@carlson.biz,cl12365,7079,213265
Орлов Николай Егорович,45462547,27.07.1985,410542, г. Санкт-Петербург, ул. Светлая,46, кв. 82,thomasmoore@wilson-singh.net,cl12366,8207,522702
Кузнецова Аиша Михайловна,45462548,04.10.1998,620839, г. Санкт-Петербург, ул. Цветочная,8, кв. 100,jessica84@hotmail.com,cl12367,9307,232158
Куликов Никита Георгиевич,45462549,23.04.1999,443890, г. Санкт-Петербург, ул. Коммунистическая,1, кв. 10,jessicapark@hotmail.com,cl12368,1357,242839
Карпова София Егоровна,45462550,01.10.1993,603379, г. Санкт-Петербург, ул. Спортивная,46, кв. 95,ginaritter@schneider-buchanan.com,cl12369,1167,256636
Смирнова Дарья Макаровна,45462551,22.03.1976,603721, г. Санкт-Петербург, ул. Гоголя,41, кв. 57,stephen99@yahoo.com,cl12370,1768,266986
Абрамова Александра Мироновна,45462552,26.03.1999,410172, г. Санкт-Петербург, ул. Северная,13, кв. 86,lopezlisa@hotmail.com,cl12371,1710,427875
Наумов Руслан Михайлович,45462553,11.10.1999,420151, г. Санкт-Петербург, ул. Вишневая,32, кв. 81,lori17@hotmail.com,cl12372,1806,289145
Бочаров Никита Матвеевич,45462554,29.06.1997,125061, г. Санкт-Петербург, ул. Подгорная,8, кв. 74,campbellkevin@gardner.com,cl12373,1587,291249
Соловьев Давид Ильич,45462555,06.03.1984,630370, г. Санкт-Петербург, ул. Шоссейная,24, кв. 81,morganhoward@clark.com,cl12374,1647,306372
Васильева Валерия Дмитриевна,45462556,30.09.1999,614753, г. Санкт-Петербург, ул. Полевая,35, кв. 39,carsontamara@gmail.com,cl12375,1742,316556
Макарова Василиса Андреевна,45462557,08.04.1999,426030, г. Санкт-Петербург, ул. Маяковского,44, кв. 93,kevinpatel@gmail.com,cl12376,1474,326347
Алексеев Матвей Викторович,45462558,02.08.1998,450375, г. Санкт-Петербург, ул. Клубная,44, кв. 80,sethbishop@yahoo.com,cl12377,1452,339539
Никитина Полина Александровна,45462559,19.09.1976,625560, г. Санкт-Петербург, ул. Некрасова,12, кв. 66,drollins@schultz-soto.net,cl12378,2077,443480
Окулова Олеся Алексеевна,45462560,03.04.1999,630201, г. Санкт-Петербург, ул. Комсомольская,17, кв. 25,pblack@copeland-winters.org,cl12379,2147,357518
Захарова Полина Яновна,45462561,21.04.1976,190949, г. Санкт-Петербург, ул. Мичурина,26, кв. 93,johnathon.oberbrunner@yahoo.com,cl12380,2687,363884
Зайцев Владимир Давидович,45462562,26.01.1998,350501, г. Санкт-Петербург, ул. Парковая,2, кв. 7,bradly29@gmail.com,cl12381,2376,443711
Иванов Виталий Даниилович,45462563,11.08.1976,450048, г. Санкт-Петербург, ул. Коммунистическая,21, кв. 3,stark.cristina@hilpert.biz,cl12382,2568,386237
Захаров Матвей Романович,45462564,12.07.1993,644921, г. Санкт-Петербург, ул. Школьная,46, кв. 37,bruen.eleanore@yahoo.com,cl12383,2556,439376
Иванов Степан Степанович,45462565,19.09.1998,614228, г. Санкт-Петербург, ул. Дорожная,36, кв. 54,percival.halvorson@yahoo.com,cl12384,2737,407501
Ткачева Милана Тимуровна,45462566,24.05.1998,350940, г. Санкт-Петербург, ул. Первомайская,23, кв. 2,javonte71@kuhlman.biz,cl12385,2581,441645
Семенов Даниил Иванович,45462567,04.01.1976,344990, г. Санкт-Петербург, ул. Красноармейская,19, кв. 92,vconnelly@kautzer.com,cl12386,2675,427933
Виноградов Вячеслав Дмитриевич,45462568,12.07.1976,410248, г. Санкт-Петербург, ул. Чкалова,11, кв. 75,anabelle07@schultz.info,cl12387,2967,434531
Соболева Николь Фёдоровна,45462569,02.05.1976,400839, г. Санкт-Петербург, ул. 8 Марта,46, кв. 44,nitzsche.katlynn@yahoo.com,cl12388,3070,449655
Тихонова Анна Львовна,45462570,23.03.1985,450539, г. Санкт-Петербург, ул. Заводская,3, кв. 81,corine16@von.com,cl12389,3108,451174
Кузнецова Ульяна Савельевна,45462571,03.06.1999,614591, г. Санкт-Петербург, ул. Цветочная,20, кв. 40,otha.wisozk@lubowitz.org,cl12390,3250,464705
Смирнова Анна Германовна,45462572,18.07.1997,400260, г. Санкт-Петербург, ул. Больничная,30, кв. 53,may.kirlin@hotmail.com,cl12391,3392,471644
Черепанова Анна Давидовна,45462573,06.11.1985,660924, г. Санкт-Петербург, ул. Молодежная,32, кв. 59,bryana.kautzer@yahoo.com,cl12392,3497,487819
Григорьев Максим Кириллович,45462574,26.05.1999,644133, г. Санкт-Петербург, ул. Гагарина,28, кв. 69,deborah.christiansen@quigley.biz,cl12393,3560,491260
Голубев Даниэль Александрович,45462575,14.06.1999,450698, г. Санкт-Петербург, ул. Вокзальная,14, кв. 37,connelly.makayla@yahoo.com,cl12394,3620,506034
Миронов Юрий Денисович,45462576,26.01.1985,620653, г. Санкт-Петербург, ул. Западная,15, кв. 25,tatum.collins@fay.org,cl12395,3774,511438
Терехов Михаил Андреевич,45462577,06.07.1976,644321, г. Санкт-Петербург, ул. Клубная,32, кв. 10,itzel73@anderson.com,cl12396,3862,521377
Орлова Алиса Михайловна,45462578,24.02.1997,603653, г. Санкт-Петербург, ул. Молодежная,2, кв. 45,arjun39@hotmail.com,cl12397,3084,535966
Кулаков Константин Даниилович,45462579,20.06.1993,410181, г. Санкт-Петербург, ул. Механизаторов,16, кв. 74,ohara.rebeka@yahoo.com,cl12398,4021,541528
Кудрявцев Максим Романович,45462580,10.05.1998,394207, г. Санкт-Петербург, ул. Свердлова,31, кв. 28,danika58@rath.com,cl12399,4109,554053
Соболева Кира Фёдоровна,45462581,14.03.1998,420633, г. Санкт-Петербург, ул. Матросова,18, кв. 41,janae.bogan@gmail.com,cl12400,4537,564868
Коновалов Арсений Максимович,45462582,18.02.1985,445720, г. Санкт-Петербург, ул. Матросова,50, кв. 67,vern91@yahoo.com,cl12401,4914,572471
Гусев Михаил Дмитриевич,45462583,23.11.1999,400646, г. Санкт-Петербург, ул. Октябрьская,47, кв. 65,mariana.leannon@larkin.net,cl12402,4445,581302
Суханова Варвара Матвеевна,45462584,13.09.1993,644410, г. Санкт-Петербург, ул. Красная,17, кв. 69,vmoore@gmail.com,cl12403,4743,598180
Орлова Ясмина Васильевна,45462585,24.06.1984,400750, г. Санкт-Петербург, ул. Школьная,36, кв. 71,damon.mcclure@mills.com,cl12404,4741,601821
Васильева Ксения Константиновна,45462586,01.08.1999,660590, г. Санкт-Петербург, ул. Дачная,37, кв. 70,grady.reilly@block.com,cl12405,4783,612567
Борисова Тамара Данииловна,45462587,29.05.1993,426083, г. Санкт-Петербург, ул. Механизаторов,41, кв. 26,boyd.koss@yahoo.com,cl12406,4658,621200
Дмитриев Мирон Ильич,45462588,13.04.1985,410569, г. Санкт-Петербург, ул. Парковая,36, кв. 17,obartell@franecki.info,cl12407,4908,634613
Лебедева Анна Александровна,45462589,30.03.1985,443375, г. Санкт-Петербург, ул. Дзержинского,50, кв. 95,reina75@ferry.net,cl12408,5092,642468
Пономарев Артём Маркович,45462590,02.06.1984,614316, г. Санкт-Петербург, ул. Первомайская,48, кв. 31,karson28@hotmail.com,cl12409,5155,465274
Борисова Елена Михайловна,45462591,23.05.1976,445685, г. Санкт-Петербург, ул. Зеленая,7, кв. 47,damaris61@okon.com,cl12410,5086,666893
Моисеев Камиль Максимович,45462592,17.06.1999,614505, г. Санкт-Петербург, ул. Нагорная,37, кв. 31,carroll.jerod@hotmail.com,cl12411,5333,675375
Герасимова Дарья Константиновна,45462593,13.10.1984,426629, г. Санкт-Петербург, ул. Весенняя,32, кв. 46,ron.treutel@quitzon.com,cl12412,5493,684572
Михайлова Мария Марковна,45462594,02.12.1976,603743, г. Санкт-Петербург, ул. Матросова,19, кв. 20,olen79@yahoo.com,cl12413,5150,696226
Коршунов Кирилл Максимович,45462595,22.05.1985,450750, г. Санкт-Петербург, ул. Клубная,23, кв. 90,pacocha.robbie@yahoo.com,cl12414,1308,703305
